Date,Location,MinTemp,MaxTemp,Rainfall,Evaporation,Sunshine,WindGustDir,WindGustSpeed,WindDir9am,WindDir3pm,WindSpeed9am,WindSpeed3pm,Humidity9am,Humidity3pm,Pressure9am,Pressure3pm,Cloud9am,Cloud3pm,Temp9am,Temp3pm,RainToday,RainTomorrow
2010-01-01,Melbourne,19.2,20.8,10.6,15.4,0,NNE,63,SSE,S,11,15,91,77,1010.8,1009.2,8,8,19.2,19.7,Yes,Yes
2010-01-02,Melbourne,15.5,22.5,5,0.6,3.2,S,54,SW,SSE,22,28,76,41,1011.2,1012.4,7,7,16.2,21.4,Yes,No
2010-01-03,Melbourne,14.5,21.4,0,6,6.5,SSE,44,SSW,SSE,24,28,57,56,1019.3,1019.5,7,7,16.5,19.2,No,No
2010-01-04,Melbourne,13.4,27.6,0,5.2,13.8,SSE,33,SE,SSE,9,9,57,42,1018.7,1014.9,1,4,17.5,25.4,No,No
2010-01-05,Melbourne,16,25,0,6.4,13.9,SSW,41,ENE,S,6,28,71,57,1013.9,1014.5,2,5,19.3,23,No,No
2010-01-06,Melbourne,16.1,23.6,0,8,9.4,SSE,39,SSW,SSE,15,24,68,49,1018.2,1017.8,7,5,17.8,21.6,No,No
2010-01-07,Melbourne,14.8,24.7,0,6.2,13,SSE,35,SE,S,17,22,51,44,1018.9,1017,3,0,18,23.7,No,No
2010-01-08,Melbourne,14.8,36.6,0,6.6,11.3,N,57,NNE,N,9,26,58,20,1017,1013.3,1,6,20.8,34.4,No,No
2010-01-09,Melbourne,20.6,38.7,0,12.6,13.7,NA,NA,N,S,35,30,28,47,1013.4,1014.5,6,1,30.8,26.4,No,No
2010-01-10,Melbourne,17.1,29.6,0,11.4,13.2,S,30,S,S,6,9,63,44,1017.5,1014.6,1,1,20.6,28.8,No,No
2010-01-11,Melbourne,19,43.6,0,8.4,11.7,N,59,N,NNW,35,28,63,14,1011.7,1005.9,0,4,24.4,41.5,No,No
2010-01-12,Melbourne,24.2,35.6,0,19.4,2.7,WSW,65,WSW,WNW,20,30,39,39,1004.4,1004.3,7,7,30.8,33.5,No,No
2010-01-13,Melbourne,17.4,23,0.2,7.6,5.7,S,48,S,SSE,15,30,52,39,1015.6,1016.9,7,6,18.3,21.5,No,No
2010-01-14,Melbourne,15.3,23.4,0,5,13.4,SSE,43,SSE,S,19,24,44,42,1019.6,1018.7,3,2,18.7,21.8,No,No
2010-01-15,Melbourne,16.3,26.8,0,9.2,12,S,31,SSE,S,11,15,61,46,1017.5,1014.1,7,3,18.5,24.5,No,No
2010-01-16,Melbourne,16.9,33.1,0,8,12.3,SW,56,NNE,S,9,33,81,62,1008.3,1006.2,2,6,18.7,24.4,No,No
2010-01-17,Melbourne,13.8,21,0,11.4,9.3,WSW,69,W,WSW,24,39,51,35,1009.6,1008.3,5,7,16.9,20.7,No,Yes
2010-01-18,Melbourne,10.4,20.6,2.6,7.8,7,SW,57,SW,SSW,43,31,85,61,1009.8,1011.3,7,7,12.4,17.8,Yes,Yes
2010-01-19,Melbourne,11.3,22.9,7.2,5.2,9.2,WSW,44,WSW,WSW,20,20,55,40,1014.1,1012.4,7,4,14.8,20.6,Yes,No
2010-01-20,Melbourne,14.5,28.2,0,6.4,10.6,SSE,39,NW,SSE,13,20,62,32,1011.4,1009.6,3,4,18.2,25.3,No,No
2010-01-21,Melbourne,16,28.5,0,7.6,8.3,S,37,SSE,SSE,6,17,61,36,1011.8,1009.2,5,5,19.7,27.9,No,No
2010-01-22,Melbourne,19.5,37.5,0,10,1,NNW,70,N,N,41,26,50,13,1005.2,1002.2,7,7,24.8,34.4,No,No
2010-01-23,Melbourne,17.4,22.3,0,11.4,8.4,SW,54,SSW,S,17,30,60,44,1013,1015.1,7,2,18.2,20.1,No,No
2010-01-24,Melbourne,12.7,22.3,0,7.4,10.3,S,33,E,S,9,13,59,47,1016.2,1014.4,7,1,15.7,21.8,No,No
2010-01-25,Melbourne,13.6,23.8,0,6.6,11.2,S,33,SE,S,13,20,62,48,1014.8,1012.4,6,1,16.7,22.3,No,No
2010-01-26,Melbourne,13.8,24.5,0,7,9.9,S,43,SSW,SSE,11,26,69,60,1011.5,1012.3,7,2,17.8,22.5,No,No
2010-01-27,Melbourne,16.2,22.2,0,7.2,7.5,SSE,48,SSE,S,22,26,58,48,1016.4,1015.1,7,0,17.1,21.6,No,No
2010-01-28,Melbourne,15.8,26.1,0,6.6,9,SSW,43,W,SSW,15,20,70,56,1010.5,1008.7,7,2,17.7,23.8,No,No
2010-01-29,Melbourne,17.5,23.5,0,7,7.5,SSE,48,S,S,24,30,70,45,1014.8,1015.9,7,2,18.9,21.6,No,No
2010-01-30,Melbourne,13.4,36.2,0,6.8,13.1,NNE,50,W,N,9,26,65,35,1016,1011.1,0,1,17.1,31.5,No,No
2010-01-31,Melbourne,17.1,37.2,0,14.8,7.2,N,81,N,N,61,44,38,24,1009.6,1006.4,1,4,28.6,36.2,No,Yes
2010-02-01,Melbourne,16.9,24.9,1.4,10.2,11,S,39,SSE,S,15,28,58,45,1019,1016.3,7,2,18.2,22.7,Yes,No
2010-02-02,Melbourne,16.7,35.2,0,7.4,12,N,52,E,SE,11,20,61,28,1015.6,1012.2,3,7,21.9,33.6,No,No
2010-02-03,Melbourne,21.6,34.8,0,12,12.1,N,43,ENE,NE,19,13,36,25,1013.9,1009.4,3,6,27,33.4,No,No
2010-02-04,Melbourne,25.5,30.8,0,13.2,0.7,N,63,N,N,22,26,35,83,1008.9,1008.7,7,7,28.5,22.8,No,Yes
2010-02-05,Melbourne,17.6,20.9,15,2.2,1.6,S,43,SSW,SSE,19,31,95,69,1014.6,1016.5,8,7,18,19.2,Yes,Yes
2010-02-06,Melbourne,15.5,26.5,2,4.8,11.3,SSE,39,S,S,22,19,57,48,1021.4,1019.8,2,6,18.7,25.7,Yes,No
2010-02-07,Melbourne,14.9,33.2,0,5.2,13,SSE,31,NA,SSE,0,13,67,40,1022.1,1018.9,0,1,19.3,30.7,No,No
2010-02-08,Melbourne,19,35.3,0,7.2,12.8,SSE,44,E,S,9,24,66,41,1020.9,1018.6,1,1,23.7,31.8,No,No
2010-02-09,Melbourne,19.3,32.1,0,10,8.8,N,54,N,SSE,39,20,58,53,1019.5,1017.8,2,5,25.5,29.5,No,No
2010-02-10,Melbourne,20.1,32.7,0,8.8,3.8,WNW,59,E,N,7,22,71,50,1018.5,1015.4,6,7,24.2,28.3,No,No
2010-02-11,Melbourne,22.2,31.4,0,3.4,4.5,SW,72,WNW,NNE,9,20,67,64,1014.4,1009,6,7,24.2,29.1,No,Yes
2010-02-12,Melbourne,19.5,22.8,35.2,6.8,0.4,S,37,SW,S,20,22,79,66,1011.1,1012.6,8,7,20.9,21.1,Yes,No
2010-02-13,Melbourne,18.2,21.3,0,2.8,0.1,SSW,31,SSW,S,11,22,83,76,1011.9,1010.4,8,7,18.9,20.8,No,Yes
2010-02-14,Melbourne,17.7,28.3,9.2,1.6,7.5,SSE,43,SW,S,15,20,85,63,1008.9,1006.8,7,4,19.1,25,Yes,No
2010-02-15,Melbourne,19,27.3,0,5.8,7.4,SE,57,SE,S,28,30,72,45,1013.2,1013.9,7,6,20.3,26.1,No,No
2010-02-16,Melbourne,16,27.3,0,5.6,12.7,S,39,SSE,S,26,24,67,44,1017.5,1015.7,1,0,19.1,25.5,No,No
2010-02-17,Melbourne,15.9,25.9,0,7.4,10.8,SSE,41,SW,SSW,13,17,72,48,1017.4,1018.1,6,3,18.7,25.1,No,No
2010-02-18,Melbourne,17.5,24.1,0,7,11.7,SSE,33,SSE,SSE,20,20,62,57,1023.6,1022,7,0,19.9,23.1,No,No
2010-02-19,Melbourne,17.1,32.8,0,8,12.1,N,74,N,N,50,31,40,24,1022,1018.1,1,1,23.1,30.7,No,No
2010-02-20,Melbourne,23,34.3,0,14.2,10.1,N,74,N,N,43,39,38,24,1015.2,1010.8,1,7,25.4,33.1,No,No
2010-02-21,Melbourne,21.6,28.6,0,14.8,10.4,N,57,SSW,SSE,13,20,67,46,1011.1,1009.1,6,4,21.9,26.8,No,No
2010-02-22,Melbourne,19.1,29.6,0,7,9.3,WSW,74,W,WSW,13,24,73,35,1012.2,1008.9,7,5,20.3,27.4,No,No
2010-02-23,Melbourne,13.3,23.6,0,9.2,11.8,SSW,43,SW,SSE,24,24,58,48,1021,1021.1,6,5,15.7,21.9,No,No
2010-02-24,Melbourne,12.7,23.3,0,6.4,12.5,SSE,41,WSW,S,9,22,63,49,1023.2,1022.4,3,1,17.1,22.5,No,No
2010-02-25,Melbourne,14.2,25.1,0,6.6,12.2,S,31,SSW,SSE,6,15,62,50,1026.4,1024.2,1,1,18.1,23.3,No,No
2010-02-26,Melbourne,16.2,33.4,0,5.8,11.7,N,59,N,N,41,31,46,22,1022.4,1017.9,2,2,23.5,32,No,No
2010-02-27,Melbourne,22.4,22.6,0,13,1.6,N,50,S,S,24,19,78,71,1017.4,1019.6,7,8,22.5,19.8,No,No
2010-02-28,Melbourne,16.3,20.7,0,4,5.2,S,52,SSW,S,19,33,60,43,1021.8,1022.1,7,6,17.3,19.8,No,No
2010-03-01,Melbourne,14.1,21.4,0.4,8,8.5,SSE,54,SE,SSE,33,39,45,48,1024.3,1022.2,3,7,16.7,20.5,No,No
2010-03-02,Melbourne,14.1,22.4,0,6.2,10.3,SSE,41,SSE,S,11,26,57,48,1022.6,1020.2,7,3,17.9,22.1,No,No
2010-03-03,Melbourne,15.8,27.7,0,5.4,10.5,SSE,26,NNE,SE,9,13,69,43,1019.9,1015.6,7,0,17.3,26.7,No,No
2010-03-04,Melbourne,16.5,31.3,0,6.8,5.5,N,48,N,N,22,26,55,27,1012.7,1008.7,4,7,22,30.6,No,No
2010-03-05,Melbourne,20.5,26.7,1,7.6,1.5,NNE,48,N,NNE,11,28,61,57,1006.6,1004.2,7,7,22.8,26.2,No,Yes
2010-03-06,Melbourne,19.8,26.8,1.2,4,5.7,WSW,102,SW,SSW,6,26,73,96,1009.6,1010.2,7,8,22.9,18.2,Yes,Yes
2010-03-07,Melbourne,17.9,27.3,39.2,13.2,3.7,WSW,50,SE,SW,19,7,92,47,1013.8,1008.5,8,7,18.2,26.9,Yes,Yes
2010-03-08,Melbourne,16.4,22.5,27.2,7,6.4,N,67,N,N,20,37,89,60,1006.3,1004.3,6,7,18.2,20.3,Yes,Yes
2010-03-09,Melbourne,16.2,21.2,7,3,7.3,WSW,57,W,WSW,30,39,62,36,1013.4,1016.8,3,6,18,19.9,Yes,No
2010-03-10,Melbourne,13.7,20.4,0,6,4.6,S,44,SW,S,17,31,57,44,1026.5,1028.4,7,5,15.3,19.3,No,No
2010-03-11,Melbourne,13.7,22.2,0.2,3.6,11.6,S,41,SE,S,11,26,64,47,1034.1,1033.5,2,2,16.8,21.3,No,No
2010-03-12,Melbourne,11.1,26.4,0,4,11.4,SE,31,W,S,9,19,72,40,1037.2,1034.6,2,3,15.3,24.9,No,No
2010-03-13,Melbourne,13.7,28.3,0,5,11.6,NNW,39,NW,S,9,6,70,35,1035.2,1031.5,1,1,16.8,27.1,No,No
2010-03-14,Melbourne,13.8,28.8,0,5.8,11.5,N,39,N,NNE,22,19,66,30,1029.5,1025.4,2,1,17.6,27.8,No,No
2010-03-15,Melbourne,15.3,30.4,0,6.6,10.5,N,33,N,WNW,24,13,58,26,1024.2,1021,0,2,18.5,29.4,No,No
2010-03-16,Melbourne,18.5,32.2,0,8.6,11,N,43,N,N,31,28,47,25,1021.6,1019.6,1,2,21.5,30.9,No,No
2010-03-17,Melbourne,21.5,33,0,11.8,7.8,N,56,N,W,41,13,36,32,1022.2,1021.2,3,7,24.7,30.3,No,No
2010-03-18,Melbourne,20.9,31.9,0,8,2.2,NNW,41,N,NNW,17,17,60,27,1023.1,1019.8,7,7,23,30.9,No,No
2010-03-19,Melbourne,23,28.4,0,8.8,4.8,N,43,W,WSW,9,13,53,49,1016.5,1015.8,7,7,23.4,27.3,No,No
2010-03-20,Melbourne,18.8,26.7,0.2,3.2,8.4,SSW,31,SSW,S,9,26,63,48,1020.7,1019.3,7,5,20.3,24.5,No,No
2010-03-21,Melbourne,17.5,24.7,0,5.4,8.2,SW,54,W,SW,11,31,54,40,1019.6,1019.8,7,6,18.6,22.7,No,No
2010-03-22,Melbourne,13.1,22.5,0,5.8,11,S,33,WSW,SW,17,11,64,41,1023.4,1022,3,1,13.9,21.1,No,No
2010-03-23,Melbourne,13.3,23.7,0,4,7.3,SW,37,WSW,WSW,17,17,61,46,1023.7,1021.9,7,5,15.8,22.2,No,No
2010-03-24,Melbourne,15.8,23.4,0,4.4,8.4,SE,33,W,SE,13,17,75,58,1024.8,1023.4,7,3,17.9,21.5,No,No
2010-03-25,Melbourne,12.8,31.5,0,3.8,10,N,46,N,NNW,13,20,90,27,1020.3,1016.2,7,5,14.9,30.4,No,No
2010-03-26,Melbourne,14.8,30.7,0,9.6,7.2,N,50,N,SSE,31,30,42,52,1016.6,1016.9,5,7,22.4,24.7,No,No
2010-03-27,Melbourne,17.2,22.7,0,4,0.4,SW,30,SSE,S,15,13,NA,58,1021.4,1018.8,7,7,NA,21.8,No,No
2010-03-28,Melbourne,17.8,27.2,0,3.8,0.1,N,61,N,N,31,30,56,42,1012.2,1009.6,7,8,21.4,26,No,Yes
2010-03-29,Melbourne,17.9,23.3,8,3.8,6.8,W,44,NNW,SE,11,22,89,63,1013.5,1015.5,7,5,19.2,23,Yes,No
2010-03-30,Melbourne,15.1,22.6,0.4,4,9.6,S,37,SW,S,11,28,78,53,1022.8,1022.9,5,6,15.6,21.2,No,No
2010-03-31,Melbourne,13.4,23.9,0,3.6,7.6,SW,26,SW,WSW,7,9,78,48,1023,1019.9,7,1,13.8,23.4,No,No
2010-04-01,Melbourne,13.8,24,0,2.4,7.7,S,31,W,SSE,11,19,79,45,1020.8,1019.2,7,4,17.1,23.9,No,No
2010-04-02,Melbourne,16.1,21.9,0,2.2,4.9,S,44,SSE,S,22,31,75,59,1022,1021.2,6,6,17.4,20.5,No,No
2010-04-03,Melbourne,13.9,24.4,0,4,9,SSW,31,W,S,9,17,72,47,1022.8,1020.3,3,5,14.9,22.5,No,No
2010-04-04,Melbourne,12.7,25.8,0,4.4,9.7,N,33,W,N,4,20,67,40,1022,1016.9,4,6,15.8,25.1,No,No
2010-04-05,Melbourne,14.9,26.9,0,4.6,9.9,N,50,N,N,24,31,62,34,1018.1,1014.4,3,6,18.8,25.8,No,No
2010-04-06,Melbourne,18.4,25.3,0,7,0.5,N,48,N,NE,26,20,42,36,1014.8,1011.7,7,7,22.3,24.3,No,Yes
2010-04-07,Melbourne,17.2,25.7,6.8,5.2,4.1,N,41,N,WNW,20,19,84,40,1010.2,1008.3,7,7,19.3,25.3,Yes,No
2010-04-08,Melbourne,17.7,22.9,0.2,4,3.9,SW,50,WSW,S,20,22,69,63,1016.4,1017.5,7,7,19.1,21.1,No,No
2010-04-09,Melbourne,13.5,21.7,0,2.6,2.3,N,26,N,W,9,13,82,49,1015.2,1011.2,6,7,15.6,21.4,No,No
2010-04-10,Melbourne,15,22.6,0.2,1.6,2.6,N,37,N,W,24,15,77,62,1009.1,1006.5,7,7,17.4,21.2,No,Yes
2010-04-11,Melbourne,11.8,17.7,3.6,4,8.5,W,72,W,WSW,37,37,54,38,1007,1009.6,4,6,15.1,16.7,Yes,No
2010-04-12,Melbourne,11.2,17.8,0.4,5,6.2,WSW,56,WSW,WSW,35,31,67,66,1017.7,1018.7,5,7,14.1,16.9,No,No
2010-04-13,Melbourne,13.1,17.8,0.6,3.6,0,WSW,33,SW,SSW,20,19,57,59,1025.8,1024.1,8,7,15.1,16.6,No,No
2010-04-14,Melbourne,13.2,18.4,0,2.6,0.3,SW,30,SW,SSW,15,15,68,47,1024.6,1022.5,7,7,14.5,17.9,No,No
2010-04-15,Melbourne,14,19.1,0,2.2,0.8,SW,30,SSW,SSE,15,19,68,73,1024.8,1024.2,7,7,16,17.3,No,No
2010-04-16,Melbourne,13.2,25.9,0,1.6,9.8,NNE,44,NNE,NNE,7,20,74,32,1026.1,1022,4,2,15.3,24.7,No,No
2010-04-17,Melbourne,13.6,27.3,0,5.2,10.2,N,44,N,N,20,28,64,26,1025.7,1022.2,2,5,17,26.9,No,No
2010-04-18,Melbourne,16,27.7,0,5.4,5.8,N,50,N,N,24,26,58,35,1025,1022.1,7,7,18.1,26.4,No,No
2010-04-19,Melbourne,16.1,27.6,0,6,6.6,N,46,N,N,17,28,66,37,1023.8,1020.6,6,7,17.5,27.3,No,No
2010-04-20,Melbourne,17.5,29.4,0,6.6,8.8,N,57,N,N,37,33,59,34,1020.9,1016.7,4,5,21.2,29.2,No,No
2010-04-21,Melbourne,17.3,24.5,1,5,7.7,N,41,SW,S,7,15,81,61,1021.7,1018.9,7,5,19.5,23,No,No
2010-04-22,Melbourne,16.4,30.1,0,3.6,8.9,NNW,52,N,NW,28,26,58,31,1020.1,1016.5,1,5,21.7,29.5,No,No
2010-04-23,Melbourne,20.8,26.4,0,8,1.2,NNW,56,N,NNW,24,20,44,62,1014.5,1011.8,7,7,22.6,22.7,No,Yes
2010-04-24,Melbourne,19,24.5,5,3.8,3,NNW,54,NW,WSW,20,31,73,47,1007.9,1005.7,7,6,20.1,21.8,Yes,No
2010-04-25,Melbourne,12.2,20.1,0.4,4.4,6.8,SW,44,W,SSW,22,24,70,55,1017.4,1019.6,4,6,14,17.5,No,No
2010-04-26,Melbourne,8.7,20.4,0,1.4,8.4,N,48,N,NNW,19,17,72,40,1025.3,1021.2,7,7,11.7,19.5,No,No
2010-04-27,Melbourne,11.7,17.8,0,4.6,0.6,N,52,N,SW,30,9,62,83,1018,1017.3,7,7,14.8,14.3,No,No
2010-04-28,Melbourne,8.8,18.1,0.8,0.8,4.4,NW,56,N,NW,26,28,60,56,1018.8,1015.3,7,7,12.9,18.1,No,Yes
2010-04-29,Melbourne,12.8,18.4,2.2,2.8,2.7,W,48,WNW,SW,13,28,71,58,1020.8,1020.6,7,7,14.8,17.8,Yes,No
2010-04-30,Melbourne,13,16.6,0.2,3.6,0,WSW,26,SW,S,13,11,85,71,1028,1026.4,7,7,13.5,16.3,No,No
2010-05-01,Melbourne,8.2,20.9,0,0.4,10.3,NNW,56,N,NNW,30,31,75,82,1024.5,1021.2,1,1,13.5,20.4,No,No
2010-05-02,Melbourne,13.5,17.7,0,4.2,1.1,N,54,N,W,24,9,58,53,1023.7,1024.9,7,7,15.8,16.7,No,No
2010-05-03,Melbourne,9.2,23,0,1.6,8.3,N,70,N,N,11,37,78,38,1025.4,1019.1,7,4,11.6,22.2,No,No
2010-05-04,Melbourne,11.6,23.5,0,7,6.8,N,80,N,NNW,56,30,43,37,1011.4,1006.5,6,7,19.9,22.9,No,Yes
2010-05-05,Melbourne,9.1,17.3,4.2,4,6,WSW,50,W,W,28,31,64,60,1015.3,1015.2,4,7,11.4,14.5,Yes,Yes
2010-05-06,Melbourne,11.4,18,2.2,3.4,5.5,N,31,NW,WSW,13,19,89,43,1020.1,1020.5,7,5,13,17,Yes,No
2010-05-07,Melbourne,10.4,19.8,0,2.4,0.7,N,41,N,NW,24,22,73,58,1020.8,1018.1,7,7,13.6,19.5,No,Yes
2010-05-08,Melbourne,12.9,19.9,4.8,1,9.5,N,31,NA,S,0,7,75,54,1023.1,1020.1,3,1,14.2,19.4,Yes,No
2010-05-09,Melbourne,13,22.5,0,3,6.7,N,41,N,WNW,26,24,69,47,1020.6,1017.4,7,6,15.8,21.1,No,No
2010-05-10,Melbourne,14.5,20.6,0,4.4,8.2,N,54,N,N,31,31,60,53,1016.9,1011.4,2,6,16.2,19.4,No,Yes
2010-05-11,Melbourne,7.6,15.8,3.8,4.6,9.4,WSW,61,W,W,17,31,74,44,1013.2,1015.1,5,5,10,14,Yes,No
2010-05-12,Melbourne,8.5,16.1,0,2.8,4,SW,33,W,SSW,22,19,74,62,1023.5,1023.2,4,5,10.1,14.1,No,No
2010-05-13,Melbourne,9.5,15.1,0.2,1.8,1.4,SW,33,WSW,SW,20,17,86,74,1025.1,1023,7,7,11.7,15,No,No
2010-05-14,Melbourne,11.5,15,1,0.4,0,SSW,24,SW,S,9,11,82,77,1022.4,1019.4,8,7,12.7,14.3,No,No
2010-05-15,Melbourne,12.6,17.7,0,1.2,4.7,SSE,19,NNW,SSE,4,6,70,61,1020.4,1017.9,7,6,13.3,15.9,No,No
2010-05-16,Melbourne,6.2,18.5,0,1,6.4,N,22,N,SE,13,11,88,55,1021.4,1018.7,7,6,7.9,17.4,No,No
2010-05-17,Melbourne,7.3,17.2,0,2.2,5.7,N,26,WNW,SE,7,7,87,56,1021.3,1019,7,7,8.5,16.9,No,No
2010-05-18,Melbourne,6.9,18.6,0,0.8,9.1,N,26,N,SSE,11,9,84,44,1021.6,1019.9,2,6,8,17.6,No,No
2010-05-19,Melbourne,6.1,18.8,0,2,8.8,N,28,N,SSE,13,11,80,44,1023.9,1021.7,2,3,7.6,17.1,No,No
2010-05-20,Melbourne,7.6,18.1,0,2,4.9,N,28,NW,S,2,9,71,54,1023.3,1020.7,7,3,10.7,17.5,No,No
2010-05-21,Melbourne,9.9,16.1,0,2,0.9,S,28,W,S,7,19,77,55,1023.6,1021.9,7,6,12,15,No,No
2010-05-22,Melbourne,4.3,16.1,0,0.6,9.4,SE,26,NW,SSE,6,17,77,53,1024.2,1021.5,2,3,6.2,15.4,No,No
2010-05-23,Melbourne,4,18.6,0,1.4,8.6,NNE,44,N,N,13,31,79,36,1022.8,1017.8,5,6,6.2,17.2,No,No
2010-05-24,Melbourne,6.2,15.6,0,3,0.3,N,37,NNE,ENE,13,9,54,83,1015.3,1011.8,7,8,13,13.4,No,Yes
2010-05-25,Melbourne,11.9,15,4.2,1.8,0,ESE,24,ENE,SSE,11,11,85,91,1008.2,1005.2,7,7,13.4,14.3,Yes,Yes
2010-05-26,Melbourne,11.3,19.6,1.8,0.8,8,SW,19,NA,SSW,0,9,83,59,1011,1010.9,3,3,13.1,18.6,Yes,No
2010-05-27,Melbourne,10.8,18.7,0,1,2.1,N,50,N,N,17,31,84,65,1017.7,1016.3,6,7,13.3,16.8,No,No
2010-05-28,Melbourne,10.9,17,0.4,2.2,1.1,NNE,57,N,NNE,24,20,76,61,1016.2,1011.9,7,7,12.6,16.7,No,Yes
2010-05-29,Melbourne,12.6,17.2,1.8,1,0.8,N,43,NA,S,0,19,92,77,1005.7,1004.3,7,7,13.4,16.3,Yes,No
2010-05-30,Melbourne,12.1,18.1,0.6,0.6,0,SSE,54,S,S,26,22,85,62,1010.9,1012.7,7,7,15.2,17.3,No,No
2010-05-31,Melbourne,11.5,18.7,0,1.8,4.1,SE,41,SSE,S,22,22,74,53,1018.5,1016.3,4,7,13.5,17.5,No,No
2010-06-01,Melbourne,7.9,17.6,0,1.6,5.6,N,33,N,N,17,24,83,54,1019.5,1017,6,7,10.4,17,No,No
2010-06-02,Melbourne,10.3,17.9,0,1,4.8,S,22,N,S,4,13,79,57,1022.3,1022,7,6,12.7,16.3,No,No
2010-06-03,Melbourne,7.1,15.7,0,1.4,4.9,SSW,19,NW,S,9,15,95,63,1027.3,1025.1,8,2,9.7,15,No,No
2010-06-04,Melbourne,6.2,12.4,0,2.2,0,WSW,19,W,NA,7,0,89,79,1024.4,1021.7,8,8,10.6,12.1,No,No
2010-06-05,Melbourne,8.2,13.9,0,0.2,0,SW,44,N,SW,9,26,88,80,1019.5,1017.4,7,8,8.9,12.8,No,Yes
2010-06-06,Melbourne,8.9,15.7,16.8,2.6,4.1,S,37,WSW,S,11,20,93,65,1023.1,1023.3,7,5,10.1,14.8,Yes,Yes
2010-06-07,Melbourne,8.3,13.6,4.8,1.2,2.1,W,20,W,WNW,17,9,92,75,1027.1,1024.7,7,7,9.1,12.3,Yes,No
2010-06-08,Melbourne,9.1,14.3,0,2.4,3.2,N,54,N,NW,22,20,68,43,1021.8,1016.7,7,7,10.2,13.8,No,Yes
2010-06-09,Melbourne,8.2,14.1,2.6,2.8,3.1,SW,61,NNW,WSW,22,31,89,74,1009.9,1009.2,7,6,8.2,10.8,Yes,Yes
2010-06-10,Melbourne,7.7,16.1,2.8,1,3.9,WSW,39,W,W,22,22,74,59,1021.7,1020.7,5,7,9.2,13.7,Yes,No
2010-06-11,Melbourne,9.1,14,0.6,1.8,2.6,WSW,41,WNW,SSW,13,22,83,80,1021.6,1020.3,2,7,10.9,12.3,No,Yes
2010-06-12,Melbourne,8,13.2,2.8,2.8,2.8,S,37,WSW,SSW,15,20,84,63,1026.7,1026.3,7,6,8.7,12.8,Yes,No
2010-06-13,Melbourne,8.6,13.1,0.2,0.2,0,SSE,20,SW,SSW,7,15,75,62,1032.1,1031.7,7,8,10.9,12.6,No,No
2010-06-14,Melbourne,7.9,15.3,0,1.2,6.5,N,26,N,NNE,13,6,69,62,1034.4,1031.6,6,5,9,12.9,No,No
2010-06-15,Melbourne,5.8,15,0,1.6,6.4,NNE,33,N,W,20,9,76,40,1030.7,1027.2,7,7,7.5,14.3,No,No
2010-06-16,Melbourne,4,16.1,0,1.2,0,N,67,N,N,37,37,83,71,1022.5,1016.3,8,8,7.8,13.8,No,No
2010-06-17,Melbourne,7.8,14.3,0,1.6,4.8,W,93,N,W,26,35,60,54,1004.2,1006.9,4,6,13.9,13.2,No,Yes
2010-06-18,Melbourne,7.3,14.8,4.6,2.6,7.3,N,57,N,N,26,33,76,66,1015.9,1013.4,1,7,8,12.3,Yes,Yes
2010-06-19,Melbourne,8,16.8,3.8,2.2,6.9,WSW,39,WNW,WNW,20,24,75,46,1018,1018.4,5,5,12,16.1,Yes,No
2010-06-20,Melbourne,12,14.7,0.6,1.6,1.2,W,33,W,SSE,20,17,89,73,1025.3,1026.6,7,6,12.9,14.2,No,Yes
2010-06-21,Melbourne,5.8,15.1,1.8,2,7.5,N,26,N,E,17,9,99,49,1034.9,1034.1,6,3,6.9,14,Yes,No
2010-06-22,Melbourne,3.6,14.3,0,0.8,6.6,N,19,N,SE,11,7,86,62,1037.9,1035.6,5,7,5.1,12.7,No,No
2010-06-23,Melbourne,5.1,17.2,0,1,2.3,N,41,NNE,N,9,22,76,47,1035.4,1031.4,7,6,8.6,16.5,No,No
2010-06-24,Melbourne,8.6,18.3,0,1.4,7.2,NNE,61,N,N,28,39,66,54,1026.1,1021.2,2,7,12.9,16.9,No,No
2010-06-25,Melbourne,12.8,14.7,0.4,3.6,0.1,N,65,N,N,39,22,80,82,1016.6,1014.7,NA,8,14.1,14.1,No,Yes
2010-06-26,Melbourne,6.7,13.3,11.8,1.6,2,SW,37,W,SSW,20,28,79,68,1022.9,1022.6,7,6,7.1,11.7,Yes,Yes
2010-06-27,Melbourne,6.1,12.9,8,0.2,6.6,W,28,W,SSW,15,9,86,66,1025.3,1022.6,3,6,6.8,11.4,Yes,No
2010-06-28,Melbourne,3.9,11.4,0,1.2,9.1,N,78,N,N,26,35,72,45,1019.2,1016,4,5,5.8,11,No,No
2010-06-29,Melbourne,5.7,10.8,0,4,0.8,N,76,N,N,35,39,65,61,1015.9,1014.6,7,7,7.6,9.4,No,Yes
2010-06-30,Melbourne,6.8,12.8,1.8,1.8,2.7,N,59,N,NNW,28,24,80,59,1016.9,1016.3,7,7,7.6,11.8,Yes,No
2010-07-01,Melbourne,7.6,12.3,0,2.2,3,N,44,N,N,20,28,80,63,1023,1022.6,5,7,8.9,11.8,No,No
2010-07-02,Melbourne,8.2,12.4,0,0.6,0.7,N,37,N,WNW,24,13,74,84,1025,1022.6,7,7,9.8,10.4,No,Yes
2010-07-03,Melbourne,8.3,14,3.8,1.2,1,W,31,W,SW,19,19,76,63,1030.3,1029.8,6,7,8.6,13.6,Yes,No
2010-07-04,Melbourne,8.4,12.8,0,1,0,N,22,N,NNE,11,9,78,55,1031.8,1028.5,7,7,9.9,12.5,No,No
2010-07-05,Melbourne,5.9,14.3,0,0.8,2,N,19,N,NA,11,0,88,51,1027,1022.7,5,6,6.1,12.4,No,No
2010-07-06,Melbourne,4.3,14.6,0,1,8.2,WSW,22,WNW,SSW,13,15,76,51,1022.8,1020.9,2,1,6.6,13.1,No,No
2010-07-07,Melbourne,4.1,15,0,1.4,0.7,N,20,W,SSE,9,17,77,77,1026.9,1026.1,7,7,7.5,12.6,No,No
2010-07-08,Melbourne,7.4,14.1,0,0.8,0.1,SE,17,NA,SSE,0,13,86,66,1029.3,1027.5,7,7,10.7,13,No,No
2010-07-09,Melbourne,3.6,16.5,0,0.2,9,N,41,N,N,20,28,85,48,1029.7,1026.2,0,3,4.5,15.6,No,No
2010-07-10,Melbourne,4.5,15.9,0,2.6,2,N,78,N,N,37,50,51,62,1018.7,1012.7,7,7,14.5,14.7,No,No
2010-07-11,Melbourne,10.8,16.1,0,2,9,NW,48,N,NW,17,24,75,61,1016.7,1017,1,7,11.3,14.5,No,No
2010-07-12,Melbourne,9.3,16.7,0,2.4,8.6,N,48,N,N,20,30,79,48,1022.2,1019.2,0,2,10.2,16.1,No,No
2010-07-13,Melbourne,9.7,16.8,0,2.4,3,NNE,67,N,NNE,22,31,63,54,1011.5,1002.5,6,7,11.7,16.7,No,Yes
2010-07-14,Melbourne,9.9,12.7,1.2,1.4,3,SW,69,NNW,NNW,26,24,62,74,1003.4,1003,5,7,10.1,11.1,Yes,Yes
2010-07-15,Melbourne,6.9,13.7,5.2,2.6,4.8,W,37,W,SW,20,22,75,65,1020.2,1022.4,3,7,8.6,13,Yes,No
2010-07-16,Melbourne,8.6,14.5,0,2,1.3,N,24,WNW,N,9,11,61,50,1027.8,1025.9,7,6,11.8,14,No,No
2010-07-17,Melbourne,5.8,13.6,0,1.6,3.7,N,46,N,NNE,13,24,74,62,1027.1,1023.6,1,7,7.1,11.5,No,No
2010-07-18,Melbourne,7.1,13.6,0,2.2,4,N,65,N,N,41,20,71,75,1018.3,1015.5,5,8,9.4,10.6,No,Yes
2010-07-19,Melbourne,7.4,14,8.6,2,6.4,W,24,WNW,SW,11,13,82,49,1019.6,1019.6,5,3,8,13.4,Yes,No
2010-07-20,Melbourne,3.2,13.5,0,1.2,1.3,N,31,N,NNW,24,11,73,90,1023.8,1023.4,7,7,6,10.7,No,Yes
2010-07-21,Melbourne,5.7,14.4,5.6,1.6,8,SSE,22,N,SSE,4,15,88,67,1029.7,1028.7,2,4,8,13.5,Yes,No
2010-07-22,Melbourne,6.9,12.9,0,1,0.3,SW,31,WNW,SW,13,17,83,92,1032.6,1032,8,8,9.7,12.2,No,Yes
2010-07-23,Melbourne,9.5,12.6,2,0.2,0,S,19,WSW,SSE,7,7,74,68,1035.6,1033.4,8,8,11.6,12.5,Yes,No
2010-07-24,Melbourne,8.9,13.4,0,0.4,0.1,SW,20,S,SE,9,7,75,64,1032.4,1030.1,7,7,10.1,12.7,No,No
2010-07-25,Melbourne,6,15.8,0,1,6.5,S,30,WNW,SSW,2,11,85,63,1032,1030.7,3,4,7.7,14.3,No,No
2010-07-26,Melbourne,5.5,16.2,0,1.2,8,SSE,28,N,SSW,9,15,82,57,1036.2,1034.9,3,5,7.6,14.6,No,No
2010-07-27,Melbourne,3.9,15.1,0,2.8,7.8,N,20,N,S,11,13,78,61,1036.1,1031.8,5,7,5.9,13.9,No,No
2010-07-28,Melbourne,5.9,14.9,0,2,0.1,N,15,N,S,4,9,87,70,1027.2,1021.9,7,7,7.5,12.8,No,Yes
2010-07-29,Melbourne,7.5,14.9,4.4,0.8,0,N,41,NNW,N,13,22,83,66,1016.5,1013.2,7,7,12,14.1,Yes,No
2010-07-30,Melbourne,12,17.7,0,1.6,4.7,N,59,N,N,33,31,81,57,1011.9,1009.4,7,6,13.3,16.9,No,No
2010-07-31,Melbourne,12,17.9,0,2.2,6.7,N,50,WNW,WNW,20,30,73,35,1011.6,1012.7,7,5,12.2,16.6,No,Yes
2010-08-01,Melbourne,8.1,13.9,3.4,3.2,4.6,W,67,W,WSW,20,37,87,44,1012.6,1012.4,7,7,8.2,12.9,Yes,Yes
2010-08-02,Melbourne,8.1,16.5,6,5.2,8,SW,74,SW,S,24,37,72,76,1023.5,1024.9,1,6,12.2,14,Yes,Yes
2010-08-03,Melbourne,9.6,13.3,4.4,2,0,SW,33,WSW,SW,17,17,76,68,1025.8,1022.6,7,7,10.5,12.7,Yes,No
2010-08-04,Melbourne,9.5,13.8,0,1.2,0.1,N,46,NNW,WNW,15,20,68,74,1016.1,1014,7,8,10.9,11.7,No,Yes
2010-08-05,Melbourne,6.5,14.1,4.8,2.4,4.2,WSW,56,W,WSW,22,26,73,49,1019,1018.8,7,7,9.4,14,Yes,Yes
2010-08-06,Melbourne,7.3,14.5,2.2,1.2,3,W,31,SW,SW,9,9,86,53,1025,1023.9,7,4,8,13.4,Yes,No
2010-08-07,Melbourne,4.9,15.2,0,1.2,7.2,N,41,N,NNE,19,24,86,40,1026,1021.6,7,6,5.8,14.1,No,No
2010-08-08,Melbourne,5.7,14.6,0,3,9.8,N,57,N,NNE,39,33,64,62,1019.6,1016.9,2,4,8.9,13.4,No,No
2010-08-09,Melbourne,6.7,16.9,0,2.4,7.2,N,41,NNE,NE,13,9,65,37,1021.5,1018.6,6,4,8,16.3,No,Yes
2010-08-10,Melbourne,6.4,11.4,1.4,1.4,0.1,N,26,SW,ENE,6,9,90,87,1016.1,1009.8,8,7,7.4,10.5,Yes,Yes
2010-08-11,Melbourne,7.3,11.4,7.2,1.2,0.3,N,37,NNW,NNW,22,15,79,89,1003.3,998.4,7,8,10.1,10,Yes,Yes
2010-08-12,Melbourne,8.2,15,16.2,3.4,4.1,SW,70,SW,SSW,30,33,74,68,1010.2,1012.7,5,7,11.3,13.4,Yes,Yes
2010-08-13,Melbourne,9.6,13.6,1.8,0.6,1,N,33,SSW,NA,9,0,86,65,1016.9,1013.3,7,7,10.6,13.1,Yes,No
2010-08-14,Melbourne,10.2,15.9,0,3.8,3.8,N,89,N,N,57,44,55,46,1007.4,1000.7,7,7,12.7,15.5,No,No
2010-08-15,Melbourne,10.8,15.7,0,1.4,0.9,WSW,56,N,W,35,26,78,78,999.9,1001.6,7,7,11.5,15.1,No,Yes
2010-08-16,Melbourne,8.5,12.8,6,1.2,6.8,SW,67,W,WSW,33,33,71,46,1011.5,1014.5,6,4,9.8,12.6,Yes,Yes
2010-08-17,Melbourne,4.8,14.8,1.4,2.6,8,N,43,NNW,NNE,15,17,68,45,1023,1019.2,6,6,8,13.3,Yes,No
2010-08-18,Melbourne,8,13.5,0,2.2,0.9,N,85,N,N,30,41,53,73,1010.8,1000.5,7,8,10.6,10.5,No,No
2010-08-19,Melbourne,10.2,16.6,0,1.2,8.1,WSW,65,NNW,NNW,22,31,58,34,1003.3,1003.5,7,7,13.4,15.3,No,No
2010-08-20,Melbourne,6.4,13.4,0,2.4,5.5,NW,48,NNW,WNW,28,35,55,43,1011.2,1010.4,NA,NA,8.8,12.8,No,No
2010-08-21,Melbourne,7.4,16.4,0,2.4,7,W,48,NNW,W,24,28,64,40,1015.6,1015.1,NA,NA,9.8,15.6,No,No
2010-08-22,Melbourne,7.1,16.2,0,2,9.5,N,52,N,N,28,37,71,45,1020.9,1017.8,0,5,9.5,15,No,No
2010-08-23,Melbourne,6.1,17.1,0,3.2,5.8,N,52,N,NNW,28,26,59,41,1014.4,1010.7,3,7,10.5,15.4,No,Yes
2010-08-24,Melbourne,9.1,14.6,1.4,3.6,4.9,N,72,NNW,N,20,48,57,48,1009.6,1003.7,3,NA,10.8,13.4,Yes,Yes
2010-08-25,Melbourne,4.2,11.8,8.2,3.8,2.9,N,57,N,NNW,31,35,62,53,1005.4,999.7,6,7,7.8,11.5,Yes,No
2010-08-26,Melbourne,7,14.9,0.2,2.2,3,WNW,48,NNW,WNW,22,20,61,46,999.3,998.8,7,7,9.2,14.5,No,No
2010-08-27,Melbourne,7.2,13.8,0,2,7.3,SW,50,WSW,SSW,24,24,64,57,1009.6,1013.2,6,NA,9.6,11.8,No,No
2010-08-28,Melbourne,7.9,16.1,0,1.8,4.5,SSW,26,WSW,S,15,11,82,62,1024.3,1025,NA,NA,9.7,13.6,No,No
2010-08-29,Melbourne,8.9,15,0,2,1.3,SE,20,NW,SW,7,6,79,52,1029.8,1027.6,7,7,10.3,13.9,No,No
2010-08-30,Melbourne,5.8,18.6,0,1.2,8.8,N,54,N,NW,20,15,69,34,1027.7,1023.7,5,4,8.9,17.5,No,No
2010-08-31,Melbourne,8.9,14.1,0,3.2,0.2,N,76,N,N,33,41,56,55,1021.7,1015,7,8,12.4,13,No,Yes
2010-09-01,Melbourne,11.1,13.3,5.8,1,0,N,54,N,NNW,13,11,90,84,1014.1,1014.3,8,8,11.7,12.3,Yes,Yes
2010-09-02,Melbourne,9.3,15.4,6.2,0.6,6,S,39,SE,S,17,28,62,49,1020.2,1021.2,6,6,11.5,14.5,Yes,No
2010-09-03,Melbourne,7.3,16.6,0,2.4,1.6,NNE,30,WNW,NE,7,11,73,48,1021.9,1015.7,6,7,9,15.8,No,Yes
2010-09-04,Melbourne,8.8,19,9.6,2.6,1.3,WNW,72,N,N,37,50,87,71,997.3,990.8,8,6,16.5,17.2,Yes,Yes
2010-09-05,Melbourne,10.9,17.1,3.8,2.4,5.8,W,91,W,W,35,30,65,56,1008.9,1011.4,6,7,12.3,15.4,Yes,Yes
2010-09-06,Melbourne,8.4,15.4,1.8,3,6.8,SSW,52,WNW,WSW,20,28,56,48,1018.8,1018.8,4,7,10.8,13.3,Yes,Yes
2010-09-07,Melbourne,7.4,15.8,11.2,2.6,5.3,WSW,26,WSW,SSE,11,6,87,50,1027.3,1025.3,7,5,9.2,14.8,Yes,No
2010-09-08,Melbourne,5.2,17.2,0,1.8,8.1,N,70,N,N,19,35,68,39,1025.3,1019.8,7,5,9.4,16.3,No,No
2010-09-09,Melbourne,9.1,18.3,0,5.4,5.8,N,72,N,N,52,37,63,51,1011.5,1005.8,5,6,13.8,17.2,No,Yes
2010-09-10,Melbourne,9.4,14.4,2.6,3.6,5.4,SW,52,WNW,SW,26,37,74,80,1002.1,1006,7,7,10.9,11.8,Yes,No
2010-09-11,Melbourne,8.5,18.5,0.6,2.6,6,WNW,39,N,W,19,19,55,38,1017.9,1017.2,NA,NA,12.4,16.9,No,No
2010-09-12,Melbourne,10.5,16.5,0,3.4,3.2,N,52,N,N,26,30,55,50,1019.8,1015,NA,NA,12.8,16.1,No,No
2010-09-13,Melbourne,10.9,15.5,0,2.2,2,N,35,NW,SSW,13,19,55,56,1015.1,1015.7,8,7,13.7,14.1,No,No
2010-09-14,Melbourne,6.4,15.6,0,1.8,10.1,S,30,ENE,S,13,15,54,43,1017.1,1013.8,3,3,10.8,14.9,No,No
2010-09-15,Melbourne,9.4,16.5,0,3.2,4.6,W,52,W,WSW,31,30,56,80,1014.3,1013.8,6,7,12.1,13.1,No,Yes
2010-09-16,Melbourne,8.4,14.9,1.2,3.4,6.8,SW,63,W,SW,31,39,59,48,1018.1,1017.6,5,7,11.1,13.6,Yes,No
2010-09-17,Melbourne,8.7,14.9,0.6,4,0.4,WSW,46,WSW,WSW,24,24,55,48,1024.7,1023.1,8,7,11.6,14.1,No,No
2010-09-18,Melbourne,10.1,17,0,2.2,2.9,SW,44,WSW,S,17,24,77,64,1021.3,1019.8,NA,NA,10.8,13.8,No,Yes
2010-09-19,Melbourne,9.3,16.7,3,2.2,3.7,WSW,48,SW,SW,20,20,73,55,1024.6,1022.9,NA,NA,11,15.3,Yes,No
2010-09-20,Melbourne,10.1,16.8,0,2.4,0,SW,31,SW,SSE,19,13,78,66,1027.7,1026.4,7,7,12.4,14.8,No,No
2010-09-21,Melbourne,10.9,15.4,0.4,1.8,0,S,37,SSW,S,24,24,84,56,1028.9,1028,7,7,13.1,14.5,No,No
2010-09-22,Melbourne,9.8,16.6,0,0.8,1.2,SSE,33,S,SSE,13,19,64,53,1028.2,1026.4,7,7,12.9,14.7,No,No
2010-09-23,Melbourne,10.9,16.2,0,1.6,2.1,SW,33,SW,WSW,22,19,61,51,1027.1,1025,7,7,12.4,15.3,No,No
2010-09-24,Melbourne,9.8,17,0,3,3.3,N,39,W,E,9,6,62,49,1024.1,1018.9,7,7,11.1,16.1,No,No
2010-09-25,Melbourne,10.9,19.9,0,2.8,6.5,SW,54,NNW,WSW,22,20,60,40,1014.8,1014,NA,NA,13.6,19,No,No
2010-09-26,Melbourne,9.9,22.1,0.4,2.8,7.9,N,41,N,N,9,22,68,49,1020.4,1014.5,NA,NA,12.9,20.7,No,No
2010-09-27,Melbourne,12.8,17.3,0.2,5.2,1,SW,52,NNW,SW,20,30,56,76,1010.7,1010.9,7,7,15.3,12.5,No,Yes
2010-09-28,Melbourne,8,15.2,4.4,6.6,7.2,WSW,54,W,WSW,28,24,47,46,1014.8,1014.5,7,7,11.9,13,Yes,Yes
2010-09-29,Melbourne,5.8,15.3,1.2,3,10.1,SSW,48,SW,SSE,20,22,63,45,1023.4,1023.2,7,6,9.9,13.9,Yes,No
2010-09-30,Melbourne,5.8,15.6,0,2.4,6.2,WSW,30,W,SSW,15,15,56,44,1026.4,1024.1,7,7,11.1,14.7,No,No
2010-10-01,Melbourne,7.5,18.4,0,2.8,10.2,S,33,NNE,S,11,22,52,30,1027.7,1025.7,1,2,12.9,16.9,No,No
2010-10-02,Melbourne,6.2,21,0,3.8,11.3,NE,30,SW,N,2,13,62,41,1028.7,1024.9,NA,NA,11.6,20.3,No,No
2010-10-03,Melbourne,11.1,25,0,3.8,11.9,N,48,NE,N,9,28,63,34,1027.8,1024.1,NA,NA,15.7,23.7,No,No
2010-10-04,Melbourne,15.5,23.5,0,6.8,6.5,NNE,61,N,NNE,41,43,54,47,1021.8,1018.2,7,5,18.6,22.7,No,Yes
2010-10-05,Melbourne,13.2,20.6,1.8,4.8,NA,SSE,31,SSW,SSW,13,7,67,53,1023.2,1020.5,7,5,14,19.4,Yes,No
2010-10-06,Melbourne,11.2,23.9,0,3.6,5.4,WSW,70,N,N,43,48,73,66,1016.4,1011.9,3,7,15.6,21.1,No,Yes
2010-10-07,Melbourne,7.7,17.5,17.4,7.6,10.6,WSW,52,WSW,SW,26,24,59,33,1022.8,1023,3,4,10.9,15.4,Yes,No
2010-10-08,Melbourne,10.2,17.4,0,4,6,SW,35,SW,S,20,20,73,59,1026.1,1025.9,6,7,12.4,15.8,No,No
2010-10-09,Melbourne,9.3,19.1,0,1.8,8.5,S,30,W,S,9,17,69,40,1027,1026.2,NA,NA,12.2,18.7,No,No
2010-10-10,Melbourne,10.4,25.2,0,3.6,9.7,N,46,WNW,N,9,30,80,39,1029.7,1026.7,NA,NA,11.7,23.3,No,No
2010-10-11,Melbourne,11.7,25.2,0,6.2,9.8,N,63,NNE,N,35,39,38,36,1028.8,1025.4,1,4,18.9,22.9,No,No
2010-10-12,Melbourne,18.3,23.4,0,8,4.2,N,72,N,N,52,39,55,54,1023,1019.8,7,7,20,22.8,No,Yes
2010-10-13,Melbourne,14.3,14.8,9.4,4,0,SSW,22,S,S,13,17,91,92,1017.4,1015,8,8,14.6,13.4,Yes,Yes
2010-10-14,Melbourne,11.2,21.2,4,1.4,5.9,N,57,N,NNW,9,33,76,41,1012,1006.3,7,6,13,20.2,Yes,Yes
2010-10-15,Melbourne,12.1,12.7,12,5.8,0,S,61,SSW,SSW,28,37,92,87,993.4,992.4,8,8,12.3,10.4,Yes,Yes
2010-10-16,Melbourne,4.7,14.6,22.6,4.6,8.8,SW,67,WSW,SW,31,33,77,81,1006,1009,NA,NA,6.9,11.1,Yes,Yes
2010-10-17,Melbourne,6.9,17.7,1.6,4,5.6,W,43,W,W,20,28,71,48,1015.2,1015.1,NA,NA,11.6,16.5,Yes,No
2010-10-18,Melbourne,10,18.9,0,4,6.6,WSW,56,WNW,WSW,20,37,60,39,1020.1,1019.8,7,7,12.1,18.3,No,Yes
2010-10-19,Melbourne,9.6,17.4,1.4,2.6,10.4,S,30,W,SE,9,13,63,39,1028.2,1027.8,5,5,12,15.7,Yes,No
2010-10-20,Melbourne,7.1,19.6,0,3.6,12.1,SSW,26,E,NW,2,7,63,41,1029.3,1026.1,2,6,12.5,18.3,No,No
2010-10-21,Melbourne,8.4,25.7,0,4.6,11.7,N,35,N,N,20,20,68,32,1023.6,1019.3,4,1,12.2,24.7,No,No
2010-10-22,Melbourne,12.2,28.9,0,6.2,10,WNW,61,N,N,30,37,49,30,1017.1,1013.2,1,5,20.8,27.3,No,Yes
2010-10-23,Melbourne,12.8,17.3,6.8,7.4,3.7,WNW,50,SW,SSE,26,20,92,55,1017.9,1020,NA,NA,12.8,15.6,Yes,Yes
2010-10-24,Melbourne,11.1,17.4,1.8,3.2,11.4,S,35,SSE,SSE,13,19,46,43,1023.9,1022.5,NA,NA,13.6,16.4,Yes,No
2010-10-25,Melbourne,7.9,20.5,0,4.6,12.6,N,43,N,N,7,31,57,42,1022.7,1017.9,0,2,12.9,18.8,No,No
2010-10-26,Melbourne,10.7,22.5,0,5.2,6.6,N,43,N,S,31,19,40,47,1015.1,1014.3,6,7,18.5,18.9,No,Yes
2010-10-27,Melbourne,12.7,19,2.4,3.6,9.4,S,44,SSW,SSE,17,19,45,46,1020.1,1020,7,3,15.4,18.3,Yes,No
2010-10-28,Melbourne,10.2,23.9,0,4.6,12.4,N,41,SSW,N,11,22,57,45,1020,1016.2,1,1,13.9,21.7,No,No
2010-10-29,Melbourne,13.9,28.4,0,7,9.6,N,61,N,N,33,41,52,33,1013.3,1008.7,3,5,20.9,27,No,Yes
2010-10-30,Melbourne,18.8,22.3,2.2,9,0,N,50,N,W,17,19,82,96,1006.2,1005.4,NA,NA,19.8,16.2,Yes,Yes
2010-10-31,Melbourne,11.7,17.2,61.4,4.2,0.5,WSW,52,WNW,WSW,24,31,94,51,1007.7,1011.8,NA,NA,12,17,Yes,Yes
2010-11-01,Melbourne,9.2,16.7,3.8,2.8,4.8,SW,37,WSW,SSE,19,17,63,46,1019.4,1017.4,NA,NA,10.6,15.6,Yes,No
2010-11-02,Melbourne,10.5,19,0.6,4.4,3.2,WSW,44,WSW,WSW,15,20,78,77,1018.4,1016.9,NA,NA,13.4,16.1,No,Yes
2010-11-03,Melbourne,10.3,16.6,4,1.6,2.4,S,35,SSW,SSE,17,19,68,47,1021.8,1021.3,7,7,12.1,16.2,Yes,Yes
2010-11-04,Melbourne,9.1,18.2,5.2,3,8.1,S,41,SSW,S,15,22,52,44,1024.6,1022.8,6,6,12.9,17.4,Yes,No
2010-11-05,Melbourne,8.8,22.7,0,2,12.6,S,39,SW,S,9,17,55,30,1025.1,1021,1,2,13.8,22.6,No,No
2010-11-06,Melbourne,10.3,24.6,0,6.8,13.1,NNE,39,NNE,N,19,13,57,41,1022.4,1017.9,NA,NA,15.9,22.6,No,No
2010-11-07,Melbourne,14.8,24.4,0.2,7,5.7,N,74,N,N,54,37,50,43,1013.6,1009.2,NA,NA,19.2,24.3,No,No
2010-11-08,Melbourne,14,23.8,0,4.4,8.5,SSW,31,W,SSW,9,17,55,40,1013.1,1014.2,7,5,16.8,21.7,No,No
2010-11-09,Melbourne,13.5,29.1,0,5,13,N,44,ENE,NW,7,20,54,25,1023.7,1019.4,0,3,18.6,27.9,No,No
2010-11-10,Melbourne,18.2,25.6,0,9.4,2.2,N,52,N,SW,26,31,49,29,1015.8,1015.6,7,7,24,25.3,No,No
2010-11-11,Melbourne,14,30.7,0,3.8,9.5,NNE,43,NE,N,7,31,74,29,1013.3,1007.6,7,6,16.4,28.5,No,No
2010-11-12,Melbourne,16.3,31,0,8,2.2,N,72,N,N,43,46,44,46,1006.2,1004.3,7,6,25.4,29.4,No,Yes
2010-11-13,Melbourne,15,15.8,20,6.4,0,S,37,S,SSW,19,28,96,94,1015,1014.7,NA,NA,15.2,14.5,Yes,Yes
2010-11-14,Melbourne,13.1,19.8,15.6,2.8,1.5,SW,37,WNW,SW,13,15,78,69,1014.1,1013.5,NA,NA,15.7,19.8,Yes,Yes
2010-11-15,Melbourne,11.7,19.4,1.2,3,5,S,35,SW,S,15,26,73,58,1016.2,1014.8,7,7,13.6,16.6,Yes,No
2010-11-16,Melbourne,10.1,18.6,0.2,1.6,8.1,S,31,WSW,S,13,9,63,41,1017.2,1016,7,6,13.4,17.9,No,No
2010-11-17,Melbourne,8.9,23.4,0,3.2,11.9,SW,35,N,SSW,15,11,54,39,1017.8,1014.5,1,2,15.5,21.4,No,No
2010-11-18,Melbourne,13.7,17.6,0,4.8,2.6,SSW,39,WNW,S,15,24,58,80,1015.3,1018,7,8,17.3,15.1,No,Yes
2010-11-19,Melbourne,9.6,20.3,2.6,3.2,13,S,46,SE,S,28,22,45,42,1025.6,1024.1,2,1,14.4,18.7,Yes,No
2010-11-20,Melbourne,9.9,22.8,0,5.6,12.6,SSW,33,W,SSE,6,22,66,56,1026.2,1022.7,NA,NA,14.6,19.5,No,No
2010-11-21,Melbourne,11.9,22,0.2,5.2,10.3,S,33,S,SSE,13,17,75,57,1024.2,1021.2,NA,NA,15.1,21,No,No
2010-11-22,Melbourne,13.7,33.3,0.2,5.2,12.1,SSW,54,NNE,N,19,33,68,21,1020.5,1017.1,1,2,20.5,32.4,No,No
2010-11-23,Melbourne,20.6,32.3,0,10.2,12.9,N,63,N,N,46,33,33,29,1019.3,1017.3,0,3,25.6,30.1,No,No
2010-11-24,Melbourne,21.7,31.5,0,11.6,7.4,NNW,67,N,N,28,33,49,35,1017.8,1016.1,7,7,25.3,28.9,No,Yes
2010-11-25,Melbourne,19.6,23.5,23,10,0.3,N,35,N,SE,20,19,89,76,1016,1016.6,7,8,19.8,19.9,Yes,Yes
2010-11-26,Melbourne,16,25.1,1.8,0.8,4.6,NW,46,N,S,7,20,80,76,1017.1,1013.4,7,5,18.2,22.5,Yes,Yes
2010-11-27,Melbourne,17.3,23.8,14.2,5.8,0,N,52,NNE,WSW,22,20,85,86,1009.5,1007.7,NA,NA,19.6,21.3,Yes,Yes
2010-11-28,Melbourne,13,16.6,21.4,5,2.7,SSW,54,S,SSW,28,35,88,66,1013,1015.4,NA,NA,13.7,15.6,Yes,No
2010-11-29,Melbourne,13.6,22.2,0.6,2.8,5.4,SE,50,SSE,S,24,31,68,52,1018.2,1015.3,7,6,16,22.1,No,No
2010-11-30,Melbourne,13.2,25.4,0.4,4.4,8.4,SSW,33,WSW,S,9,17,65,49,1017.8,1014.8,5,5,17.2,24.3,No,No
2010-12-01,Melbourne,16.5,26.6,0.2,5.4,0.6,NE,41,W,SSE,11,11,76,55,1015.7,1013.1,7,7,19.4,25,No,Yes
2010-12-02,Melbourne,17.2,27.2,5,2,5.9,NNE,65,N,NW,20,19,84,81,1015,1013.5,8,7,19.5,18.9,Yes,Yes
2010-12-03,Melbourne,17.2,30,7.8,4.6,5.1,NNW,52,N,N,35,24,59,40,1012.5,1009.3,5,7,23.3,28.7,Yes,No
2010-12-04,Melbourne,19.4,30.8,0.2,5,12.5,N,65,N,S,44,11,62,43,1010,1008.9,NA,NA,24,29.8,No,No
2010-12-05,Melbourne,18.3,29.7,0,6,6.5,S,30,SSW,S,7,11,84,58,1013.1,1010.4,NA,NA,19,26.4,No,No
2010-12-06,Melbourne,18.2,30.9,0,5.2,6.1,NNE,35,ENE,N,6,15,67,45,1012,1007.7,7,7,22.2,29.7,No,Yes
2010-12-07,Melbourne,21.5,28.2,2.4,6,1,NNE,67,N,NNE,35,26,52,85,1007.3,1006.3,7,7,25.4,23.1,Yes,Yes
2010-12-08,Melbourne,22.6,25.5,2.8,5,0.6,N,65,N,WNW,37,20,67,69,1003.4,1003.8,7,8,25.3,23.3,Yes,Yes
2010-12-09,Melbourne,16.4,25,28.8,5.4,9.7,SW,31,SSW,NNE,11,13,60,46,1010.2,1007,4,7,19.2,23.2,Yes,Yes
2010-12-10,Melbourne,14,21.1,2.4,4.8,8.3,W,52,WSW,WNW,19,20,44,26,1011.2,1008.7,5,6,15.1,19.8,Yes,No
2010-12-11,Melbourne,13.5,23.1,0.2,7.2,11.3,N,57,NNW,NNW,28,33,55,47,1005.9,1001.4,NA,NA,17.3,21.2,No,No
2010-12-12,Melbourne,13.2,19.4,0.4,8.2,6.4,W,54,WNW,SW,31,33,49,81,1005,1006.9,NA,NA,16.4,16.6,No,Yes
2010-12-13,Melbourne,11.8,23.1,4.6,4,11,SSW,24,WSW,ESE,13,6,51,40,1015.4,1014.4,3,6,16.6,20.9,Yes,No
2010-12-14,Melbourne,14.4,28,0,4,13.3,NNE,31,WSW,NE,7,6,55,42,1015.5,1010.7,1,2,18.7,25.8,No,No
2010-12-15,Melbourne,18.1,25.9,0,8,2.1,N,74,N,NW,50,24,44,69,1002.5,1004.6,7,7,24.9,20,No,No
2010-12-16,Melbourne,12.7,22,0.8,4,11.4,S,31,SW,SSE,20,20,53,31,1008.8,1006.8,6,5,16.6,21.7,No,No
2010-12-17,Melbourne,12.1,23.8,0,6,7.1,W,57,N,NNW,20,30,49,28,1003.1,999.4,2,7,17.7,23.5,No,Yes
2010-12-18,Melbourne,12.2,19,2.8,4.6,4.3,SW,52,W,WSW,28,26,86,57,1001.7,1002.5,NA,NA,12.4,16.7,Yes,Yes
2010-12-19,Melbourne,11.3,19.1,2.8,4.2,3.7,WNW,74,N,WSW,24,20,49,44,996.5,994.4,NA,NA,15.9,17.1,Yes,Yes
2010-12-20,Melbourne,9.9,19.3,22.2,3.8,1.5,SW,52,SW,SW,37,33,61,44,1003.9,1005.1,7,7,14.2,17.9,Yes,No
2010-12-21,Melbourne,11.1,18.3,0,4.2,6.1,SW,52,W,S,24,22,65,50,1010.3,1013.2,7,7,14.9,17.3,No,Yes
2010-12-22,Melbourne,10.6,25.7,1.4,3.6,13.4,SW,33,NNE,NNE,6,13,58,27,1019.4,1015.9,2,5,14.9,23.6,Yes,No
2010-12-23,Melbourne,14.1,20.6,0,6.6,10.6,SSE,50,SW,S,17,31,56,44,1022.1,1024.6,5,3,16.2,19.1,No,No
2010-12-24,Melbourne,11.5,23.5,0,6.4,12.8,SSE,31,SE,S,17,15,58,44,1025.5,1020,1,2,14.9,22.2,No,No
2010-12-25,Melbourne,14,26.2,0,5,1.3,NNW,30,E,S,2,2,76,64,1012.9,1009.5,NA,NA,17.1,22.3,No,No
2010-12-26,Melbourne,15.8,20.4,0,3,6.1,SE,44,S,S,17,28,59,62,1009.1,1008,NA,NA,17.5,17.4,No,No
2010-12-27,Melbourne,10.5,18,0.4,5.8,6.9,SSW,57,WSW,S,22,31,61,40,1011.9,1014,NA,NA,13.4,17.3,No,No
2010-12-28,Melbourne,9,22.8,0,4,13.4,S,31,SE,SE,11,15,53,42,1018.8,1016,NA,NA,13.9,20.3,No,No
2010-12-29,Melbourne,13.7,30.3,0,7.6,13.1,S,52,N,S,26,30,31,46,1013.1,1013.6,NA,NA,22.8,23.5,No,No
2010-12-30,Melbourne,14.2,23.7,0,7.4,13.7,SSE,31,SE,S,11,17,63,57,1017.8,1016.5,4,0,17.9,21.6,No,No
2010-12-31,Melbourne,14.9,41.1,0,7.6,12.3,NNW,74,N,NNW,28,43,58,12,1010.1,1005,4,3,22.1,39.9,No,No